Title,Artist,Album,Duration,URL
"Radhimaa [From ""Think Indie""] (feat. Sai Smriti)","Sai Abhyankkar, Nargis Teji, Asma Teji, and Vivek","",260,https://music.youtube.com/watch?v=BmRX2g6-iQI
"Rathinamo (Female Version) (feat. Tanisha Gnanavel)","Saurav Srisan","",177,https://music.youtube.com/watch?v=SmXnQZ0Hvjw
"Oru Maalai x Beggin’ (Tamil Remix) | 7ymphony","7ymphony","",184,https://music.youtube.com/watch?v=SrvuVXF35bc
"Pesamale","Arra Aria Khayal, Siri Xander","",179,https://music.youtube.com/watch?v=jifBuWCqGJ8
"KALYANI (Remix)","KDS, FIFTY4, ARJN, Shreya Ghoshal","",249,https://music.youtube.com/watch?v=z5y8Clp_TdE
"Para Para (From ""Neerparavai"")","G. V. Prakash Kumar, N.R. Raghunanthan","",264,https://music.youtube.com/watch?v=vptv15Jzw2M
"Pattuma (From ""Love Insurance Kompany"")","Vignesh ShivN, Anirudh Ravichander, Ananthakrrishnan","",209,https://music.youtube.com/watch?v=Hq6OZBBOkTI
"Vizhi Veekura (From ""Think Indie"")","Sai Abhyankkar, Sai Smriti","",220,https://music.youtube.com/watch?v=NpjqsmURu9w
"Oorum Blood (From ""Dude"")","Paal Dabba, Sai Abhyankkar, Deepthi Suresh, bebhumika","",240,https://music.youtube.com/watch?v=KmQiD0g6lZE
"Pavazha Malli (From ""Think Indie"")","Sai Abhyankkar, Shruti Haasan, Vivek","",253,https://music.youtube.com/watch?v=tOaizzQG8Cw
"Pogiren - Mugen Rao MGR feat. Prashan Sean | Official Music Video | 4K","IBPStudiosMY","",346,https://music.youtube.com/watch?v=3BGOZ9xuyKs
"Vaama Vaama (From ""Idhayam Murali"")","Dhanush, Adesh Krishna, Thaman S","",263,https://music.youtube.com/watch?v=-B8BFhM0pqU
"Kanave Unai","Hanan Shaah","",63,https://music.youtube.com/watch?v=lyYrvaXMRHs
"Nenjin Ezhuth","Vidya Lakshmi G, Adarsh Krishnan N","",229,https://music.youtube.com/watch?v=BkQlg16ffUU
"Unakkul Naane","Dilushselva, Pritt","Unakkul Naane",128,https://music.youtube.com/watch?v=-XI2_610F0s
"Munbe Va (Bgm)","Favas Fazin","",61,https://music.youtube.com/watch?v=9tKVmNBg51E
